{
	"lambda": [
		[3054.4337629476754, 0.0, 1476.968505294092],
		[0.0, 3057.697227034814, 2029.101543655127],
		[0.0, 0.0, 1.0]
	],
	"distortion": [0.25807623026982396, -1.545547495497789, 0.004830692584312347, -0.007243472764308799, 1.622340042711782]
}
